,perturbs,iters,loss
0,0,0,3.9725873470306396
1,0,1,3.9174790382385254
2,0,2,3.870304822921753
3,0,3,3.820030450820923
4,0,4,3.7659530639648438
5,0,5,3.715540647506714
6,0,6,3.6626386642456055
7,0,7,3.612910509109497
8,0,8,3.5647993087768555
9,0,9,3.5225138664245605
10,0,10,3.477140426635742
11,0,11,3.432157516479492
12,0,12,3.390437364578247
13,0,13,3.346118450164795
14,0,14,3.3051161766052246
15,0,15,3.2660715579986572
16,0,16,3.2281711101531982
17,0,17,3.187678575515747
18,0,18,3.147498607635498
19,0,19,3.110229253768921
20,0,20,3.0719492435455322
21,0,21,3.036548376083374
22,0,22,2.9984421730041504
23,0,23,2.9602737426757812
24,0,24,2.924067497253418
25,0,25,2.8915464878082275
26,0,26,2.857189416885376
27,0,27,2.8222997188568115
28,0,28,2.7885289192199707
29,0,29,2.752539873123169
30,0,30,2.7218682765960693
31,0,31,2.6872670650482178
32,0,32,2.656348943710327
33,0,33,2.627328634262085
34,0,34,2.598219633102417
35,0,35,2.568061113357544
36,0,36,2.54075026512146
37,0,37,2.514922857284546
38,0,38,2.488961935043335
39,0,39,2.4607605934143066
40,0,40,2.4344887733459473
41,0,41,2.407195806503296
42,0,42,2.383108139038086
43,0,43,2.3546242713928223
44,0,44,2.328092098236084
45,0,45,2.3034603595733643
46,0,46,2.277019500732422
47,0,47,2.252074718475342
48,0,48,2.226911783218384
49,0,49,2.203667640686035
50,0,50,2.180661916732788
51,0,51,2.1570465564727783
52,0,52,2.1336467266082764
53,0,53,2.112165689468384
54,0,54,2.0930049419403076
55,0,55,2.071101188659668
56,0,56,2.0519180297851562
57,0,57,2.0316555500030518
58,0,58,2.013317346572876
59,0,59,1.9943665266036987
60,0,60,1.9764312505722046
61,0,61,1.9574486017227173
62,0,62,1.9378037452697754
63,0,63,1.917504906654358
64,0,64,1.8982576131820679
65,0,65,1.8787610530853271
66,0,66,1.860719919204712
67,0,67,1.8424452543258667
68,0,68,1.825194001197815
69,0,69,1.8089405298233032
70,0,70,1.7916063070297241
71,0,71,1.7756779193878174
72,0,72,1.758682131767273
73,0,73,1.7427090406417847
74,0,74,1.7247976064682007
75,0,75,1.7095696926116943
76,0,76,1.6940817832946777
77,0,77,1.6791349649429321
78,0,78,1.6639515161514282
79,0,79,1.6493315696716309
80,0,80,1.6336183547973633
81,0,81,1.6197227239608765
82,0,82,1.6051288843154907
83,0,83,1.5906999111175537
84,0,84,1.5768040418624878
85,0,85,1.5634938478469849
86,0,86,1.548621654510498
87,0,87,1.5347450971603394
88,0,88,1.5197440385818481
89,0,89,1.5057142972946167
90,0,90,1.4918121099472046
91,0,91,1.4788854122161865
92,0,92,1.465664029121399
93,0,93,1.4534043073654175
94,0,94,1.4417064189910889
95,0,95,1.4259188175201416
96,0,96,1.4136136770248413
97,0,97,1.4018627405166626
98,0,98,1.3893905878067017
99,0,99,1.3787070512771606
100,1,0,3.972752809524536
101,1,1,3.9176440238952637
102,1,2,3.870469808578491
103,1,3,3.820195198059082
104,1,4,3.7661173343658447
105,1,5,3.7157042026519775
106,1,6,3.6628026962280273
107,1,7,3.6130740642547607
108,1,8,3.564962387084961
109,1,9,3.522677183151245
110,1,10,3.4773037433624268
111,1,11,3.4323198795318604
112,1,12,3.3905999660491943
113,1,13,3.346280336380005
114,1,14,3.3052780628204346
115,1,15,3.266232967376709
116,1,16,3.228332042694092
117,1,17,3.187839984893799
118,1,18,3.1476593017578125
119,1,19,3.1103897094726562
120,1,20,3.0721092224121094
121,1,21,3.036708116531372
122,1,22,2.9986019134521484
123,1,23,2.960432767868042
124,1,24,2.924226760864258
125,1,25,2.89170503616333
126,1,26,2.8573479652404785
127,1,27,2.822458028793335
128,1,28,2.788687229156494
129,1,29,2.752697706222534
130,1,30,2.7220258712768555
131,1,31,2.687424421310425
132,1,32,2.656506299972534
133,1,33,2.627485513687134
134,1,34,2.5983762741088867
135,1,35,2.5682175159454346
136,1,36,2.5409061908721924
137,1,37,2.51507830619812
138,1,38,2.4891176223754883
139,1,39,2.46091628074646
140,1,40,2.4346437454223633
141,1,41,2.4073503017425537
142,1,42,2.3832626342773438
143,1,43,2.35477876663208
144,1,44,2.3282461166381836
145,1,45,2.3036139011383057
146,1,46,2.2771730422973633
147,1,47,2.252228021621704
148,1,48,2.227065324783325
149,1,49,2.2038204669952393
150,1,50,2.180814743041992
151,1,51,2.1571993827819824
152,1,52,2.133798360824585
153,1,53,2.1123175621032715
154,1,54,2.0931568145751953
155,1,55,2.0712530612945557
156,1,56,2.052069664001465
157,1,57,2.031806707382202
158,1,58,2.0134685039520264
159,1,59,1.9945173263549805
160,1,60,1.9765816926956177
161,1,61,1.9575988054275513
162,1,62,1.9379537105560303
163,1,63,1.9176547527313232
164,1,64,1.8984073400497437
165,1,65,1.8789105415344238
166,1,66,1.8608691692352295
167,1,67,1.842594027519226
168,1,68,1.8253427743911743
169,1,69,1.809089183807373
170,1,70,1.7917546033859253
171,1,71,1.775826096534729
172,1,72,1.7588300704956055
173,1,73,1.7428568601608276
174,1,74,1.724945306777954
175,1,75,1.709717035293579
176,1,76,1.694229006767273
177,1,77,1.6792818307876587
178,1,78,1.6640979051589966
179,1,79,1.6494779586791992
180,1,80,1.6337649822235107
181,1,81,1.6198687553405762
182,1,82,1.6052746772766113
183,1,83,1.5908457040786743
184,1,84,1.5769493579864502
185,1,85,1.5636390447616577
186,1,86,1.5487667322158813
187,1,87,1.5348899364471436
188,1,88,1.5198884010314941
189,1,89,1.5058585405349731
190,1,90,1.4919562339782715
191,1,91,1.4790292978286743
192,1,92,1.4658077955245972
193,1,93,1.4535478353500366
194,1,94,1.441849708557129
195,1,95,1.4260618686676025
196,1,96,1.4137563705444336
197,1,97,1.4020050764083862
198,1,98,1.3895328044891357
199,1,99,1.378848910331726
200,2,0,3.9729127883911133
201,2,1,3.9178037643432617
202,2,2,3.8706295490264893
203,2,3,3.820354700088501
204,2,4,3.7662763595581055
205,2,5,3.715862989425659
206,2,6,3.66296124458313
207,2,7,3.613232374191284
208,2,8,3.5651204586029053
209,2,9,3.5228350162506104
210,2,10,3.477461099624634
211,2,11,3.4324769973754883
212,2,12,3.390756845474243
213,2,13,3.346437454223633
214,2,14,3.3054347038269043
215,2,15,3.2663893699645996
216,2,16,3.228487968444824
217,2,17,3.187995433807373
218,2,18,3.147814989089966
219,2,19,3.1105449199676514
220,2,20,3.0722646713256836
221,2,21,3.036863088607788
222,2,22,2.998756170272827
223,2,23,2.960587501525879
224,2,24,2.9243812561035156
225,2,25,2.8918590545654297
226,2,26,2.85750150680542
227,2,27,2.8226115703582764
228,2,28,2.7888402938842773
229,2,29,2.7528507709503174
230,2,30,2.7221786975860596
231,2,31,2.68757700920105
232,2,32,2.656658411026001
233,2,33,2.6276373863220215
234,2,34,2.5985281467437744
235,2,35,2.568368911743164
236,2,36,2.541057586669922
237,2,37,2.5152297019958496
238,2,38,2.4892687797546387
239,2,39,2.461066722869873
240,2,40,2.4347941875457764
241,2,41,2.4075005054473877
242,2,42,2.3834128379821777
243,2,43,2.354928731918335
244,2,44,2.3283960819244385
245,2,45,2.3037633895874023
246,2,46,2.2773220539093018
247,2,47,2.2523770332336426
248,2,48,2.2272140979766846
249,2,49,2.2039692401885986
250,2,50,2.1809630393981934
251,2,51,2.1573474407196045
252,2,52,2.133946418762207
253,2,53,2.1124658584594727
254,2,54,2.093304395675659
255,2,55,2.0714001655578613
256,2,56,2.0522162914276123
257,2,57,2.031953811645508
258,2,58,2.013615131378174
259,2,59,1.9946637153625488
260,2,60,1.9767279624938965
261,2,61,1.9577449560165405
262,2,62,1.9380996227264404
263,2,63,1.9178004264831543
264,2,64,1.8985527753829956
265,2,65,1.8790557384490967
266,2,66,1.8610143661499023
267,2,67,1.8427388668060303
268,2,68,1.825487494468689
269,2,69,1.8092334270477295
270,2,70,1.7918989658355713
271,2,71,1.7759711742401123
272,2,72,1.7589740753173828
273,2,73,1.7430002689361572
274,2,74,1.7250890731811523
275,2,75,1.7098603248596191
276,2,76,1.6943721771240234
277,2,77,1.6794246435165405
278,2,78,1.6642407178878784
279,2,79,1.6496204137802124
280,2,80,1.6339071989059448
281,2,81,1.6200107336044312
282,2,82,1.6054165363311768
283,2,83,1.5909874439239502
284,2,84,1.577090859413147
285,2,85,1.5637803077697754
286,2,86,1.5489081144332886
287,2,87,1.5350308418273926
288,2,88,1.520029067993164
289,2,89,1.505998969078064
290,2,90,1.4920965433120728
291,2,91,1.4791693687438965
292,2,92,1.4659475088119507
293,2,93,1.4536874294281006
294,2,94,1.4419890642166138
295,2,95,1.4262008666992188
296,2,96,1.413895606994629
297,2,97,1.4021438360214233
298,2,98,1.3896713256835938
299,2,99,1.378566861152649
300,3,0,3.9730641841888428
301,3,1,3.917954921722412
302,3,2,3.8707804679870605
303,3,3,3.8205056190490723
304,3,4,3.7664268016815186
305,3,5,3.7160136699676514
306,3,6,3.6631112098693848
307,3,7,3.613382339477539
308,3,8,3.565269947052002
309,3,9,3.522984266281128
310,3,10,3.477609872817993
311,3,11,3.4326257705688477
312,3,12,3.3909056186676025
313,3,13,3.346585750579834
314,3,14,3.3055830001831055
315,3,15,3.2665374279022217
316,3,16,3.2286362648010254
317,3,17,3.188143253326416
318,3,18,3.1479623317718506
319,3,19,3.110692024230957
320,3,20,3.07241153717041
321,3,21,3.0370097160339355
322,3,22,2.9989027976989746
323,3,23,2.960733652114868
324,3,24,2.9245266914367676
325,3,25,2.8920047283172607
326,3,26,2.857647180557251
327,3,27,2.822756290435791
328,3,28,2.78898549079895
329,3,29,2.752995491027832
330,3,30,2.722322940826416
331,3,31,2.6877214908599854
332,3,32,2.6568005084991455
333,3,33,2.6277811527252197
334,3,34,2.59867262840271
335,3,35,2.568512201309204
336,3,36,2.541200637817383
337,3,37,2.5153725147247314
338,3,38,2.4894113540649414
339,3,39,2.4612090587615967
340,3,40,2.4349358081817627
341,3,41,2.4076409339904785
342,3,42,2.383553981781006
343,3,43,2.355069875717163
344,3,44,2.328540325164795
345,3,45,2.303903341293335
346,3,46,2.277462959289551
347,3,47,2.2525174617767334
348,3,48,2.2273528575897217
349,3,49,2.2041079998016357
350,3,50,2.1811025142669678
351,3,51,2.1574864387512207
352,3,52,2.134084463119507
353,3,53,2.112603187561035
354,3,54,2.09344220161438
355,3,55,2.071537733078003
356,3,56,2.052353620529175
357,3,57,2.032090425491333
358,3,58,2.0137505531311035
359,3,59,1.9947999715805054
360,3,60,1.9768635034561157
361,3,61,1.9578806161880493
362,3,62,1.938233733177185
363,3,63,1.9179346561431885
364,3,64,1.8986871242523193
365,3,65,1.879189372062683
366,3,66,1.861147403717041
367,3,67,1.842872142791748
368,3,68,1.8256200551986694
369,3,69,1.8093652725219727
370,3,70,1.7920314073562622
371,3,71,1.7761026620864868
372,3,72,1.7591056823730469
373,3,73,1.7431315183639526
374,3,74,1.7252196073532104
375,3,75,1.70999014377594
376,3,76,1.694502592086792
377,3,77,1.67955482006073
378,3,78,1.6643702983856201
379,3,79,1.649749994277954
380,3,80,1.6340365409851074
381,3,81,1.6201395988464355
382,3,82,1.6055454015731812
383,3,83,1.5911155939102173
384,3,84,1.5772193670272827
385,3,85,1.563908576965332
386,3,86,1.5490355491638184
387,3,87,1.5351580381393433
388,3,88,1.5201565027236938
389,3,89,1.5061253309249878
390,3,90,1.4922231435775757
391,3,91,1.479295253753662
392,3,92,1.466073751449585
393,3,93,1.453813076019287
394,3,94,1.4421148300170898
395,3,95,1.4263263940811157
396,3,96,1.4140205383300781
397,3,97,1.4022690057754517
398,3,98,1.389796257019043
399,3,99,1.3786917924880981
400,4,0,3.9732208251953125
401,4,1,3.9181110858917236
402,4,2,3.870936393737793
403,4,3,3.8206608295440674
404,4,4,3.7665820121765137
405,4,5,3.7161686420440674
406,4,6,3.6632659435272217
407,4,7,3.613536834716797
408,4,8,3.5654242038726807
409,4,9,3.5231382846832275
410,4,10,3.4777638912200928
411,4,11,3.432779312133789
412,4,12,3.391058921813965
413,4,13,3.346738576889038
414,4,14,3.3057355880737305
415,4,15,3.2666900157928467
416,4,16,3.228788375854492
417,4,17,3.1882951259613037
418,4,18,3.1481142044067383
419,4,19,3.1108436584472656
420,4,20,3.0725626945495605
421,4,21,3.037160634994507
422,4,22,2.999053478240967
423,4,23,2.9608840942382812
424,4,24,2.9246771335601807
425,4,25,2.8921546936035156
426,4,26,2.8577969074249268
427,4,27,2.8229055404663086
428,4,28,2.7891345024108887
429,4,29,2.7531449794769287
430,4,30,2.7224717140197754
431,4,31,2.6878700256347656
432,4,32,2.6569485664367676
433,4,33,2.6279289722442627
434,4,34,2.598820209503174
435,4,35,2.568659543991089
436,4,36,2.5413477420806885
437,4,37,2.515519380569458
438,4,38,2.489557981491089
439,4,39,2.461355209350586
440,4,40,2.435082197189331
441,4,41,2.4077870845794678
442,4,42,2.383699655532837
443,4,43,2.355214834213257
444,4,44,2.3286855220794678
445,4,45,2.3040478229522705
446,4,46,2.2776076793670654
447,4,47,2.2526614665985107
448,4,48,2.227496862411499
449,4,49,2.204251766204834
450,4,50,2.1812455654144287
451,4,51,2.1576292514801025
452,4,52,2.1342270374298096
453,4,53,2.112745523452759
454,4,54,2.0935840606689453
455,4,55,2.0716793537139893
456,4,56,2.052495241165161
457,4,57,2.032231569290161
458,4,58,2.0138912200927734
459,4,59,1.9949405193328857
460,4,60,1.9770036935806274
461,4,61,1.9580202102661133
462,4,62,1.93837308883667
463,4,63,1.9180738925933838
464,4,64,1.8988258838653564
465,4,65,1.879327416419983
466,4,66,1.8612852096557617
467,4,67,1.8430094718933105
468,4,68,1.8257571458816528
469,4,69,1.8095018863677979
470,4,70,1.7921676635742188
471,4,71,1.7762377262115479
472,4,72,1.759240746498108
473,4,73,1.7432658672332764
474,4,74,1.725353717803955
475,4,75,1.7101236581802368
476,4,76,1.6946357488632202
477,4,77,1.679687261581421
478,4,78,1.664502501487732
479,4,79,1.6498817205429077
480,4,80,1.6341677904129028
481,4,81,1.6202701330184937
482,4,82,1.6056755781173706
483,4,83,1.5912452936172485
484,4,84,1.5773483514785767
485,4,85,1.5640373229980469
486,4,86,1.5491636991500854
487,4,87,1.5352857112884521
488,4,88,1.520283579826355
489,4,89,1.5062521696090698
490,4,90,1.4923490285873413
491,4,91,1.4794213771820068
492,4,92,1.4661990404129028
493,4,93,1.4539378881454468
494,4,94,1.4422392845153809
495,4,95,1.4264506101608276
496,4,96,1.4141439199447632
497,4,97,1.4023921489715576
498,4,98,1.3899190425872803
499,4,99,1.3788137435913086
500,5,0,3.9733755588531494
501,5,1,3.9182655811309814
502,5,2,3.8710904121398926
503,5,3,3.820814609527588
504,5,4,3.766735553741455
505,5,5,3.7163214683532715
506,5,6,3.663418769836426
507,5,7,3.6136889457702637
508,5,8,3.5655765533447266
509,5,9,3.523289918899536
510,5,10,3.477914810180664
511,5,11,3.4329304695129395
512,5,12,3.391209602355957
513,5,13,3.3468892574310303
514,5,14,3.3058855533599854
515,5,15,3.2668395042419434
516,5,16,3.2289373874664307
517,5,17,3.1884443759918213
518,5,18,3.1482627391815186
519,5,19,3.110992193222046
520,5,20,3.0727107524871826
521,5,21,3.03730845451355
522,5,22,2.9992008209228516
523,5,23,2.961031198501587
524,5,24,2.9248239994049072
525,5,25,2.892301082611084
526,5,26,2.857942819595337
527,5,27,2.8230512142181396
528,5,28,2.7892799377441406
529,5,29,2.7532896995544434
530,5,30,2.72261643409729
531,5,31,2.688014268875122
532,5,32,2.657092332839966
533,5,33,2.628072738647461
534,5,34,2.598963499069214
535,5,35,2.56880259513855
536,5,36,2.5414905548095703
537,5,37,2.51566219329834
538,5,38,2.4896998405456543
539,5,39,2.4614970684051514
540,5,40,2.435223340988159
541,5,41,2.4079277515411377
542,5,42,2.3838400840759277
543,5,43,2.3553552627563477
544,5,44,2.328824520111084
545,5,45,2.304187059402466
546,5,46,2.2777462005615234
547,5,47,2.252800226211548
548,5,48,2.2276346683502197
549,5,49,2.2043890953063965
550,5,50,2.181382894515991
551,5,51,2.157766103744507
552,5,52,2.1343636512756348
553,5,53,2.1128809452056885
554,5,54,2.093719720840454
555,5,55,2.0718140602111816
556,5,56,2.052628993988037
557,5,57,2.032365560531616
558,5,58,2.014024496078491
559,5,59,1.9950729608535767
560,5,60,1.977136254310608
561,5,61,1.9581522941589355
562,5,62,1.9385039806365967
563,5,63,1.9182053804397583
564,5,64,1.8989555835723877
565,5,65,1.8794571161270142
566,5,66,1.8614146709442139
567,5,67,1.843138337135315
568,5,68,1.82588529586792
569,5,69,1.8096301555633545
570,5,70,1.7922947406768799
571,5,71,1.776364803314209
572,5,72,1.7593671083450317
573,5,73,1.7433923482894897
574,5,74,1.7254794836044312
575,5,75,1.7102491855621338
576,5,76,1.6947606801986694
577,5,77,1.6798118352890015
578,5,78,1.6646267175674438
579,5,79,1.6500052213668823
580,5,80,1.6342909336090088
581,5,81,1.6203938722610474
582,5,82,1.6057982444763184
583,5,83,1.5913676023483276
584,5,84,1.5774704217910767
585,5,85,1.5641590356826782
586,5,86,1.5492851734161377
587,5,87,1.5354068279266357
588,5,88,1.5204051733016968
589,5,89,1.5063724517822266
590,5,90,1.4924676418304443
591,5,91,1.4795407056808472
592,5,92,1.4667383432388306
593,5,93,1.4540570974349976
594,5,94,1.4423578977584839
595,5,95,1.426568865776062
596,5,96,1.4142621755599976
597,5,97,1.4025096893310547
598,5,98,1.39003586769104
599,5,99,1.3789305686950684
600,6,0,3.9735162258148193
601,6,1,3.9184062480926514
602,6,2,3.8712306022644043
603,6,3,3.8209543228149414
604,6,4,3.7668752670288086
605,6,5,3.716460943222046
606,6,6,3.663558006286621
607,6,7,3.6138274669647217
608,6,8,3.5657148361206055
609,6,9,3.523427724838257
610,6,10,3.4780545234680176
611,6,11,3.4330673217773438
612,6,12,3.3913464546203613
613,6,13,3.3470256328582764
614,6,14,3.3060216903686523
615,6,15,3.266974925994873
616,6,16,3.229072332382202
617,6,17,3.1885793209075928
618,6,18,3.148397445678711
619,6,19,3.111126184463501
620,6,20,3.0728461742401123
621,6,21,3.0374417304992676
622,6,22,2.9993340969085693
623,6,23,2.9611642360687256
624,6,24,2.9249560832977295
625,6,25,2.8924331665039062
626,6,26,2.858074903488159
627,6,27,2.823183059692383
628,6,28,2.7894110679626465
629,6,29,2.753420829772949
630,6,30,2.7227468490600586
631,6,31,2.6881446838378906
632,6,32,2.6572229862213135
633,6,33,2.6282026767730713
634,6,34,2.599092721939087
635,6,35,2.568931818008423
636,6,36,2.541619062423706
637,6,37,2.5157909393310547
638,6,38,2.489828109741211
639,6,39,2.46162486076355
640,6,40,2.4353506565093994
641,6,41,2.408055305480957
642,6,42,2.3839669227600098
643,6,43,2.3554818630218506
644,6,44,2.328951358795166
645,6,45,2.3043136596679688
646,6,46,2.277872323989868
647,6,47,2.252925395965576
648,6,48,2.2277605533599854
649,6,49,2.2045137882232666
650,6,50,2.1815073490142822
651,6,51,2.157890796661377
652,6,52,2.1344878673553467
653,6,53,2.113004684448242
654,6,54,2.0938429832458496
655,6,55,2.071937322616577
656,6,56,2.0527520179748535
657,6,57,2.0324862003326416
658,6,58,2.0141470432281494
659,6,59,1.995194911956787
660,6,60,1.9772584438323975
661,6,61,1.9582741260528564
662,6,62,1.9386255741119385
663,6,63,1.918326497077942
664,6,64,1.8990768194198608
665,6,65,1.87957763671875
666,6,66,1.8615339994430542
667,6,67,1.8432587385177612
668,6,68,1.826005220413208
669,6,69,1.8097500801086426
670,6,70,1.7924143075942993
671,6,71,1.7764840126037598
672,6,72,1.7594865560531616
673,6,73,1.7435108423233032
674,6,74,1.7255971431732178
675,6,75,1.7103674411773682
676,6,76,1.6948790550231934
677,6,77,1.6799299716949463
678,6,78,1.6647436618804932
679,6,79,1.6497021913528442
680,6,80,1.6344077587127686
681,6,81,1.6205105781555176
682,6,82,1.60591459274292
683,6,83,1.5914833545684814
684,6,84,1.5775861740112305
685,6,85,1.564274549484253
686,6,86,1.5494009256362915
687,6,87,1.5355219841003418
688,6,88,1.5205203294754028
689,6,89,1.506487488746643
690,6,90,1.4925822019577026
691,6,91,1.4796552658081055
692,6,92,1.4668526649475098
693,6,93,1.4541690349578857
694,6,94,1.4424718618392944
695,6,95,1.426682472229004
696,6,96,1.4143742322921753
697,6,97,1.4026224613189697
698,6,98,1.3901489973068237
699,6,99,1.3790431022644043
700,7,0,3.973666191101074
701,7,1,3.9185562133789062
702,7,2,3.87138032913208
703,7,3,3.821103572845459
704,7,4,3.767024278640747
705,7,5,3.716609239578247
706,7,6,3.663705825805664
707,7,7,3.6139755249023438
708,7,8,3.5658626556396484
709,7,9,3.5235748291015625
710,7,10,3.4782018661499023
711,7,11,3.4332141876220703
712,7,12,3.3914928436279297
713,7,13,3.3471717834472656
714,7,14,3.3061673641204834
715,7,15,3.267120599746704
716,7,16,3.229217767715454
717,7,17,3.1887240409851074
718,7,18,3.1485416889190674
719,7,19,3.1112701892852783
720,7,20,3.072988748550415
721,7,21,3.037585496902466
722,7,22,2.999476432800293
723,7,23,2.9613075256347656
724,7,24,2.9250986576080322
725,7,25,2.8925750255584717
726,7,26,2.8582162857055664
727,7,27,2.823324203491211
728,7,28,2.7895517349243164
729,7,29,2.753560781478882
730,7,30,2.722886800765991
731,7,31,2.688283681869507
732,7,32,2.657362222671509
733,7,33,2.62834095954895
734,7,34,2.5992305278778076
735,7,35,2.5690693855285645
736,7,36,2.5417563915252686
737,7,37,2.51592755317688
738,7,38,2.489964246749878
739,7,39,2.4617605209350586
740,7,40,2.435485601425171
741,7,41,2.408189535140991
742,7,42,2.3841006755828857
743,7,43,2.3556151390075684
744,7,44,2.3290843963623047
745,7,45,2.304445505142212
746,7,46,2.278003692626953
747,7,47,2.253056526184082
748,7,48,2.227890968322754
749,7,49,2.204643964767456
750,7,50,2.1816370487213135
751,7,51,2.158019542694092
752,7,52,2.1346168518066406
753,7,53,2.1131324768066406
754,7,54,2.093970537185669
755,7,55,2.072064161300659
756,7,56,2.0528781414031982
757,7,57,2.032611846923828
758,7,58,2.0142717361450195
759,7,59,1.9953196048736572
760,7,60,1.9773824214935303
761,7,61,1.9583978652954102
762,7,62,1.9387487173080444
763,7,63,1.9184496402740479
764,7,64,1.89919912815094
765,7,65,1.8796993494033813
766,7,66,1.8616552352905273
767,7,67,1.8433794975280762
768,7,68,1.8261258602142334
769,7,69,1.809869647026062
770,7,70,1.7925338745117188
771,7,71,1.776603102684021
772,7,72,1.7596052885055542
773,7,73,1.743628978729248
774,7,74,1.7257146835327148
775,7,75,1.7104851007461548
776,7,76,1.6949992179870605
777,7,77,1.6800466775894165
778,7,78,1.6648600101470947
779,7,79,1.649817943572998
780,7,80,1.6345230340957642
781,7,81,1.620625376701355
782,7,82,1.6060290336608887
783,7,83,1.5915974378585815
784,7,84,1.5777002573013306
785,7,85,1.5643879175186157
786,7,86,1.5495136976242065
787,7,87,1.5356347560882568
788,7,88,1.520632266998291
789,7,89,1.5065997838974
790,7,90,1.4926939010620117
791,7,91,1.4797667264938354
792,7,92,1.466963529586792
793,7,93,1.4542796611785889
794,7,94,1.4425818920135498
795,7,95,1.426792025566101
796,7,96,1.4144864082336426
797,7,97,1.4027315378189087
798,7,98,1.3902579545974731
799,7,99,1.3791513442993164
800,8,0,3.9738118648529053
801,8,1,3.918701171875
802,8,2,3.8715248107910156
803,8,3,3.8212480545043945
804,8,4,3.7671687602996826
805,8,5,3.7167530059814453
806,8,6,3.663849353790283
807,8,7,3.6141185760498047
808,8,8,3.5660054683685303
809,8,9,3.5237174034118652
810,8,10,3.4783437252044678
811,8,11,3.4333558082580566
812,8,12,3.391633987426758
813,8,13,3.3473124504089355
814,8,14,3.3063080310821533
815,8,15,3.2672605514526367
816,8,16,3.2293574810028076
817,8,17,3.1888632774353027
818,8,18,3.148681163787842
819,8,19,3.1114084720611572
820,8,20,3.073127031326294
821,8,21,3.0377230644226074
822,8,22,2.9996132850646973
823,8,23,2.9614436626434326
824,8,24,2.9252350330352783
825,8,25,2.8927104473114014
826,8,26,2.858351469039917
827,8,27,2.823458671569824
828,8,28,2.7896862030029297
829,8,29,2.753694534301758
830,8,30,2.7230193614959717
831,8,31,2.6884164810180664
832,8,32,2.657494068145752
833,8,33,2.628472328186035
834,8,34,2.5993614196777344
835,8,35,2.569199323654175
836,8,36,2.541886329650879
837,8,37,2.516056776046753
838,8,38,2.49009370803833
839,8,39,2.4623095989227295
840,8,40,2.435614585876465
841,8,41,2.408318281173706
842,8,42,2.3842289447784424
843,8,43,2.3557424545288086
844,8,44,2.329211473464966
845,8,45,2.304572820663452
846,8,46,2.278130292892456
847,8,47,2.2531819343566895
848,8,48,2.2280163764953613
849,8,49,2.2047693729400635
850,8,50,2.181762218475342
851,8,51,2.158143997192383
852,8,52,2.1347408294677734
853,8,53,2.1132564544677734
854,8,54,2.0940937995910645
855,8,55,2.0721867084503174
856,8,56,2.0530009269714355
857,8,57,2.032733917236328
858,8,58,2.0143940448760986
859,8,59,1.9954415559768677
860,8,60,1.9775036573410034
861,8,61,1.9580984115600586
862,8,62,1.9388691186904907
863,8,63,1.9185696840286255
864,8,64,1.899319052696228
865,8,65,1.8798192739486694
866,8,66,1.8617743253707886
867,8,67,1.8434985876083374
868,8,68,1.8262443542480469
869,8,69,1.8099877834320068
870,8,70,1.7926515340805054
871,8,71,1.7767207622528076
872,8,72,1.7601428031921387
873,8,73,1.743747353553772
874,8,74,1.725832462310791
875,8,75,1.710601806640625
876,8,76,1.6951156854629517
877,8,77,1.6801624298095703
878,8,78,1.6649757623672485
879,8,79,1.6499338150024414
880,8,80,1.634636402130127
881,8,81,1.6207407712936401
882,8,82,1.6061433553695679
883,8,83,1.5917118787765503
884,8,84,1.5778143405914307
885,8,85,1.5645023584365845
886,8,86,1.5496273040771484
887,8,87,1.535752296447754
888,8,88,1.5207456350326538
889,8,89,1.506712794303894
890,8,90,1.492806315422058
891,8,91,1.479879379272461
892,8,92,1.467076063156128
893,8,93,1.4543912410736084
894,8,94,1.442694067955017
895,8,95,1.4269040822982788
896,8,96,1.414597749710083
897,8,97,1.4028425216674805
898,8,98,1.390369176864624
899,8,99,1.3792614936828613
900,9,0,3.973963975906372
901,9,1,3.9188530445098877
902,9,2,3.8716766834259033
903,9,3,3.821399688720703
904,9,4,3.767319917678833
905,9,5,3.7169039249420166
906,9,6,3.6639997959136963
907,9,7,3.6142685413360596
908,9,8,3.566155195236206
909,9,9,3.523866891860962
910,9,10,3.4784929752349854
911,9,11,3.433504819869995
912,9,12,3.391782522201538
913,9,13,3.3474607467651367
914,9,14,3.306455612182617
915,9,15,3.2674081325531006
916,9,16,3.2295048236846924
917,9,17,3.1890106201171875
918,9,18,3.1488277912139893
919,9,19,3.1115543842315674
920,9,20,3.0732734203338623
921,9,21,3.0378689765930176
922,9,22,2.999758720397949
923,9,23,2.9615883827209473
924,9,24,2.9253792762756348
925,9,25,2.892854928970337
926,9,26,2.858494520187378
927,9,27,2.8236024379730225
928,9,28,2.789829730987549
929,9,29,2.7538373470306396
930,9,30,2.7231616973876953
931,9,31,2.6885581016540527
932,9,32,2.65763521194458
933,9,33,2.6286137104034424
934,9,34,2.599501848220825
935,9,35,2.5693395137786865
936,9,36,2.5420258045196533
937,9,37,2.5161962509155273
938,9,38,2.490232229232788
939,9,39,2.4624476432800293
940,9,40,2.4357521533966064
941,9,41,2.4084556102752686
942,9,42,2.3843653202056885
943,9,43,2.3558788299560547
944,9,44,2.3293471336364746
945,9,45,2.3047080039978027
946,9,46,2.2782647609710693
947,9,47,2.2533154487609863
948,9,48,2.2281494140625
949,9,49,2.2049014568328857
950,9,50,2.181894063949585
951,9,51,2.1582751274108887
952,9,52,2.134871244430542
953,9,53,2.1133859157562256
954,9,54,2.094221830368042
955,9,55,2.072315216064453
956,9,56,2.053128957748413
957,9,57,2.032860279083252
958,9,58,2.0141000747680664
959,9,59,1.9955673217773438
960,9,60,1.9776277542114258
961,9,61,1.9582231044769287
962,9,62,1.9394127130508423
963,9,63,1.9182747602462769
964,9,64,1.8994407653808594
965,9,65,1.879941463470459
966,9,66,1.861894965171814
967,9,67,1.8436187505722046
968,9,68,1.82636559009552
969,9,69,1.810106873512268
970,9,70,1.792770266532898
971,9,71,1.7768386602401733
972,9,72,1.7602596282958984
973,9,73,1.7438640594482422
974,9,74,1.7259451150894165
975,9,75,1.710713505744934
976,9,76,1.6952327489852905
977,9,77,1.680276870727539
978,9,78,1.6650891304016113
979,9,79,1.6500483751296997
980,9,80,1.6347466707229614
981,9,81,1.620849609375
982,9,82,1.60625422000885
983,9,83,1.5918217897415161
984,9,84,1.5779229402542114
985,9,85,1.564611554145813
986,9,86,1.5497345924377441
987,9,87,1.5358589887619019
988,9,88,1.520853042602539
989,9,89,1.5068187713623047
990,9,90,1.4929111003875732
991,9,91,1.4799840450286865
992,9,92,1.4671804904937744
993,9,93,1.454494595527649
994,9,94,1.4427974224090576
995,9,95,1.4270068407058716
996,9,96,1.4146970510482788
997,9,97,1.4029439687728882
998,9,98,1.3904685974121094
999,9,99,1.3793613910675049
